{
    "import_files": {
        "free": [
            {
                "import_name": "Classic",
                "import_path": "v1",
                "preview_url": "https://demo.unfoldwp.com/magazine-elite/"
            }
        ],
        "pro": [
            {
                "import_name": "Modern",
                "import_path": "v2",
                "preview_url": "https://demo.unfoldwp.com/mag-elite-modern/"
            },
            {
                "import_name": "Retro",
                "import_path": "v3",
                "preview_url": "https://demo.unfoldwp.com/mag-elite-retro/"
            },
            {
                "import_name": "Article",
                "import_path": "v4",
                "preview_url": "https://demo.unfoldwp.com/mag-elite-article/"
            }
        ]
    },
    "plugins": [
        {
            "slug": "mailchimp-for-wp",
            "name": "MailChimp for WordPress",
            "required": false,
            "preselected": true
        },
        {
            "slug": "wpforms-lite",
            "name": "WPForms Lite",
            "required": false,
            "preselected": true
        },
        {
            "slug": "regenerate-thumbnails",
            "name": "Regenerate Thumbnails",
            "required": false,
            "preselected": false
        }
    ]
}
