{
    "import_files": {
        "free": [
            {
                "import_name": "Default",
                "import_path": "v1",
                "preview_url": "https://demo.unfoldwp.com/blogty-lite/"
            }
        ],
        "pro": [
            {
                "import_name": "Lifestyle",
                "import_path": "v2",
                "preview_url": "https://demo.unfoldwp.com/blogty-lifestyle/"
            },
            {
                "import_name": "Magazine",
                "import_path": "v3",
                "preview_url": "https://demo.unfoldwp.com/blogty-mag/"
            },
            {
                "import_name": "Interior",
                "import_path": "v4",
                "preview_url": "https://demo.unfoldwp.com/blogty-interior/"
            }
        ]
    },
    "plugins": [
        {
            "slug": "mailchimp-for-wp",
            "name": "MailChimp for WordPress",
            "required": false,
            "preselected": true
        },
        {
            "slug": "wpforms-lite",
            "name": "WPForms Lite",
            "required": false,
            "preselected": true
        },
        {
            "slug": "insta-gallery",
            "name": "Social Feed Gallery",
            "required": false,
            "preselected": true
        }
    ]
}
