{
    "import_files": {
        "free": [
            {
                "import_name": "Blogpath",
                "import_path": "v1",
                "preview_url": "https://demo.unfoldwp.com/blogbyte-path/"
            }
        ],
        "pro": [
            {
                "import_name": "Style",
                "import_path": "v2",
                "preview_url": "https://demo.unfoldwp.com/blogbyte-style/"
            },
            {
                "import_name": "Retro",
                "import_path": "v3",
                "preview_url": "https://demo.unfoldwp.com/blogbyte-retro/"
            },
            {
                "import_name": "Classic",
                "import_path": "v4",
                "preview_url": "https://demo.unfoldwp.com/blogbyte/"
            },
            {
                "import_name": "Byte",
                "import_path": "v5",
                "preview_url": "https://demo.unfoldwp.com/blogbyte-lite/"
            }
        ]
    },
    "plugins": [
        {
            "slug": "mailchimp-for-wp",
            "name": "MailChimp for WordPress",
            "required": false,
            "preselected": true
        },
        {
            "slug": "wpforms-lite",
            "name": "WPForms Lite",
            "required": false,
            "preselected": true
        },
        {
            "slug": "insta-gallery",
            "name": "Social Feed Gallery",
            "required": false,
            "preselected": true
        }
    ]
}
