{
    "import_files": {
        "free": [
            {
                "import_name": "Blog",
                "import_path": "v1",
                "preview_url": "https://preview.unfoldwp.com/blogtory/"
            }
        ],
        "pro": [
            {
                "import_name": "Mag",
                "import_path": "v2",
                "preview_url": "https://preview.unfoldwp.com/blogtory-pro/"
            }
        ]
    },
    "plugins": [
        {
            "slug": "mailchimp-for-wp",
            "name": "MailChimp for WordPress",
            "required": false,
            "preselected": true
        }
    ]
}
