{
    "import_files": {
        "free": [
            {
                "import_name": "Blog",
                "import_path": "v1",
                "preview_url": "https://demos.unfoldwp.com/blog-elite/v1/"
            },
            {
                "import_name": "Fashion",
                "import_path": "v2",
                "preview_url": "https://demos.unfoldwp.com/blog-elite/v2/"
            },
            {
                "import_name": "Boxed",
                "import_path": "v3",
                "preview_url": "https://demos.unfoldwp.com/blog-elite/v3/"
            }
        ],
        "pro": [
            {
                "import_name": "Blog",
                "import_path": "v4",
                "preview_url": "https://demos.unfoldwp.com/blog-elite-pro/"
            },
            {
                "import_name": "Fashion",
                "import_path": "v5",
                "preview_url": "https://demos.unfoldwp.com/blog-elite-pro/v2/"
            },
            {
                "import_name": "Active",
                "import_path": "v6",
                "preview_url": "https://demos.unfoldwp.com/blog-elite-pro/v3"
            },
            {
                "import_name": "Jenisha",
                "import_path": "v7",
                "preview_url": "https://demos.unfoldwp.com/blog-elite-pro/v4"
            }
        ]
    },
    "plugins": [
        {
            "slug": "mailchimp-for-wp",
            "name": "MailChimp for WordPress",
            "required": false,
            "preselected": true
        }
    ]
}
