{
    "import_files": {
        "free": [
            {
                "import_name": "Default",
                "import_path": "v1",
                "preview_url": "https://demo.unfoldwp.com/blogmine-lite/"
            }
        ],
        "pro": [
            {
                "import_name": "Fashion",
                "import_path": "v2",
                "preview_url": "https://demo.unfoldwp.com/blogmine-fashion/"
            },
            {
                "import_name": "Fitness",
                "import_path": "v3",
                "preview_url": "https://demo.unfoldwp.com/blogmine-fitness/"
            },
            {
                "import_name": "Classic",
                "import_path": "v4",
                "preview_url": "https://demo.unfoldwp.com/blogmine-classic/"
            }
        ]
    },
    "plugins": [
        {
            "slug": "mailchimp-for-wp",
            "name": "MailChimp for WordPress",
            "required": false,
            "preselected": true
        },
        {
            "slug": "wpforms-lite",
            "name": "WPForms Lite",
            "required": false,
            "preselected": true
        },
        {
            "slug": "insta-gallery",
            "name": "Social Feed Gallery",
            "required": false,
            "preselected": true
        }
    ]
}
