{
    "import_files": {
        "free": [
            {
                "import_name": "Magazine",
                "import_path": "v1",
                "preview_url": "https://demo.unfoldwp.com/eximious-magazine/"
            }
        ],
        "pro": [
            {
                "import_name": "Fashion",
                "import_path": "v2",
                "preview_url": "https://demo.unfoldwp.com/exim-mag-fashion/"
            },
            {
                "import_name": "Tech",
                "import_path": "v3",
                "preview_url": "https://demo.unfoldwp.com/exim-mag-tech/"
            },
            {
                "import_name": "News",
                "import_path": "v4",
                "preview_url": "https://demo.unfoldwp.com/exim-mag-news/"
            }
        ]
    },
    "plugins": [
        {
            "slug": "mailchimp-for-wp",
            "name": "MailChimp for WordPress",
            "required": false,
            "preselected": true
        },
        {
            "slug": "wpforms-lite",
            "name": "WPForms Lite",
            "required": false,
            "preselected": true
        },
        {
            "slug": "regenerate-thumbnails",
            "name": "Regenerate Thumbnails",
            "required": false,
            "preselected": false
        }
    ]
}
